row_no,title,link,made,broadcast,reason,risk
2,뇌 없는 인간 클론: R3 바이오의 충격적 발표,https://www.benews.co.kr/news/482009,X,,,[]
3,신현송 한은 총재 후보자 재산 82.4억…가족은 모두 외국 국적,https://n.news.naver.com/article/015/0005270955?sid=101,X,,,[]
4,"너도나도 ""대마 재배할래"" 눈독…109조짜리 시장에 '그린러시'",https://www.joongang.co.kr/article/25372228,O,O,대마초 주제라서 활용 가능성이 낮을 것이라고 생각했는데 의외로 사용했다,[]
5,높은 회사채 금리와 정부의 중복상장 규제에 증자로 눈돌리는 기업들,https://www.hankyung.com/article/2026040598301#_enliple,O,X,중복상장 규제 + 회사채 금리 상승세에 유상증자로 눈을 돌린다는 내용이었는데 한화솔루션이라는 실제 사례를 너무 강하게 어필했는지 사용하지 않았다,[]
6,"UAE, 한국산 KF-21 도입 굳혔나…프랑스 차세대 라팔 전투기 구매 철회",https://www.theguru.co.kr/news/article.html?no=100161,X,,,[]
7,"크래프톤에 물린 국민연금, 결국 '손절'…최대 1000억 손실 예상",https://www.news1.kr/it-science/game-review/6125002#_enliple,X,,,[]
8,"게임, SNS에 이어 새로운 타겟이 된 숏츠…숏츠는 질병인가",https://www.youtube.com/shorts/-ebfEldqXXY,O,X,김성회와의 썰을 풀 수 있는 주제였지만 패턴이 너무 뻔했는지 사용하지 않았다,[]
9,영국에서는 드론이 마치 ‘우버이츠’처럼 교도소 안으로 금지 물품을 실어 나르고 있다,https://www.nytimes.com/2026/04/01/world/europe/uk-prisons-contraband-drones.html,X,,,[]
10,‘트럼프 측근’으로 불리는 100% 승률 지갑이 1억900만 달러 규모 숏포지션 개설… 암호화폐 시장 또 급락하나?,https://coinpedia.org/news/trumps-insider-with-100-win-rate-opens-109m-short-is-crypto-market-crashing-again/,X,,,[]
11,알카트라즈 교도소 복원,https://www.newsis.com/view/NISX20260404_0003577725,O,X,"오랜만에 이색 주제 소개가 될 수 있을 것이라고 생각했는데 지나치게 ""서브급""이었는지 사용하지 않았다",[]
12,"브랜드들, ‘AI 미사용’ 문구로 차별화… AI 슬롭 범람 속 존재감 확보",https://www.wsj.com/cmo-today/brands-adopt-no-ai-disclaimers-to-stand-out-amid-the-slop-a92352af,O,X,"AI ""확산 속 대비""되는 행동 맥락으로 전환하기 좋은 기사라 생각. 6월부터 뉴욕주 광고 AI 표기제 도입 예정이라 차후 활용 가능성도 있음.",[]
13,표 의식에 멈춘 새벽배송…지선 앞두고 대형마트 규제 논의 또 ‘제자리’,,X,,,[]
14,중국 돼지 아파트,,O,O,"슈카의 주요 래퍼토리인 ""농업의 기업화, 효율화""에 최적화된 주제였고 실제로 사용했다",[]
15,온리팬스를 팔기 위한 경쟁의 내부,https://www.forbes.com/sites/iainmartin/2026/03/26/inside-the-race-to-sell-onlyfans/,X,,"소유주 사망, 기업 매각, 결제 리스크 등 폭넓게 다룬 기사. 무엇보다 구독자들이 좋아하는 소재.",[]
16,"""김정은 욕 해봐"" 북한 IT 요원 색출법, 면접서 통했다",https://www.youtube.com/watch?v=cRcU_aonV9M,X,,북한 IT 노동자 관련 웃음용 소재. 과거 만든 자료도 있어 재활용 가능.,[]
17,"인니·UAE도 'KF-21 찜했다'…한국항공우주, 23만원 목표",,X,,,[]
18,"일부 WTO 회원국들, 전자상거래에 관세를 부과하지 않기로 합의",https://www.reuters.com/world/asia-pacific/group-wto-states-agrees-not-impose-e-commerce-duties-2026-04-02,O,X,"""인터넷 무관세"" 합의 연장이 불발. 슈카월드도 관세 품목 지정? 한 번 파보면 재밌을 듯해서 제작 예정",[]
19,머스크 “전세계 AI칩 생산량의 50배 ‘테라팹’ 짓겠다”...업계 “비현실적”,,X,,,[]
20,네이버 '연관 검색어' 서비스 20여년만에 종료,https://www.yna.co.kr/view/AKR20260407142400017,X,,"""건강한 담론 형성"" + ""옛날 이야기"" 모두 슈카의 취향. 다만 스토리라인이 쉽게 떠오르진 않음.",[]
21,"베트남 럼 서기장, 국가주석도 겸직…'시진핑급 막강 권한'(종합)",https://www.yna.co.kr/view/AKR20260407084951084,X,,"베트남판 ""스트롱맨"". 겸직 전망 자체는 오래 전부터 제시. 베트남 주제 쿨타임이 아직 안 돌아서 일단 킵",[]
22,"이제 모든 회사는 미디어 회사이고, 모든 사장은 스타가 됐다",https://www.economist.com/business/2026/04/08/every-company-is-now-a-media-company-and-every-boss-a-star,O,X,"모든 사장이 ""이야기꾼""이 되는, 이거 완전 슈사장?",[]
23,대전 오월드 늑대 탈출사고,,O,X,,[]
24,아시아 Top20 갑부 가문,https://www.bloomberg.com/features/2026-asia-richest-families,X,,,[]
25,"HD현대重, 세계 첫 암모니아추진선 건조…""친환경선박 시장선도""",,,,,[]
26,한국형 전투기 KF-21 양산 1호기 출고,,,,,[]
27,"헌터 바이든, 트럼프 자녀들에게 미국에서 철장 싸움 도전",,,,,[]
28,"한국 쿠팡, 작년 매출 45조원대·영업이익 2조3천억원 육박",,,,,[]
29,"佛, 美에 보관하던 금 전량 처분…""홍콩이 글로벌금고 될 기회""",,,,,[]
30,"AI모델, 프리미어리그 모의 베팅서 모두 손실…""대부분 파산""",,,,,[]
31,증권거래세 역진성' 지적한 李대통령…금투세 논의 재점화?,,,,,['political_sensitivity']
32,"벤츠코리아, 내일부터 직판제 시행…""전국 동일한 가격으로 판매""",https://www.newsis.com/view/NISX20260412_0003587520,X,,"테슬라 직판은 원래 유명하고, 현대차도 캐스퍼는 100% 온라인 + 미국에선 아마존 차량 구매도 가능. ""가격 주도권""을 본사로 옮기려는 시도?",['investment_advice_risk']
33,"“한국, 무기 수출 세계 4위”···K방산 글로벌 위상 확대",,,,,[]
34,"“전 세계 글이 한국어로”… X 자동번역, 4월 7일 시작된 ‘언어 혁명’",,O,O,"""트위터에 미친 나라 일본""이라는 내용으로 확장해서 실제 라이브 때도 활용되었으나 중간에 짤 이슈가 생겨 성원님 멘탈이 날아갔다 ???",[]
35,테슬라 차량을 도미노 피자 온라인 주문처럼 쉽고 간편하게,https://www.businessinsider.com/ex-tesla-president-dominos-pizza-car-sales-2026-4,,,,[]
36,올해 부자들 희망 투자처 1·2위 ETF·주식…부동산 투자 의사↓(종합),https://www.yna.co.kr/view/AKR20260415051551002,O,O,3인 협동 체제의 정수. 형찬님이 올려주신 기사를 동찬님이 제작까지 마무리 후 실제 라이브 방송에서 활용.,[]
37,코첼라 인플루언서의 세계: 화려함 뒤의 치밀한 전략,https://apnews.com/article/coachella-influencers-content-creators-d5b1d5c8c694b7be138de9f51c71f7f0,,,,[]
38,"올버즈가 AI 연산 인프라 업체로 변신한다, 하긴 그럴 법도 하다",https://www.ft.com/content/a4b63cc1-2d1c-44c8-a22a-425cf0efb5cf,O,O,3인 협동 체제의 정수. 형찬님이 올려주신 기사를 동찬님이 제작까지 마무리 후 실제 라이브 방송에서 활용.,[]
39,인도의 컴퓨터공학 졸업생들은 AI 혁명에 제대로 대비되지 못하고 있다,https://www.bloomberg.com/news/features/2026-04-16/the-ai-revolution-leaves-india-s-tech-graduates-unprepared-for-the-future,,,,[]
40,이스라엘 스타트업이 세계 최초로 실험실에서 배양한 초콜릿 바를 만들었다,https://www.ft.com/content/ea3610be-2a9d-45ac-b4c9-5e18225fed6b?syn-25a6b1a6=1,,,,[]
41,"日원전, 다시 돌린다…도쿄전력, 14년만에 영업운전",,,,,[]
42,포항지진은 지열발전 때문이었다?,,,,,[]
43,위기의 카드사들...삼성페이가 수수료 요구할까봐 애플페이 도입 못하는 중?,,,,,[]
44,"월마트, 매장을 창고처럼 활용해 당일배송에서 아마존에 도전",https://www.ft.com/content/c957c4f4-b1d2-4721-99c4-a5c795829b9b?syn-25a6b1a6=1,,,"국내 대형마트의 ""새벽배송 허용"" 논쟁과 연결. 현재는 24시간 영업이 불가, 월마트 혹은 국내 이커머스(쿠팡, 컬리 등)처럼 신선식품 새벽배송 서비스를 할 수 없는 구조. 다만, 쿠팡 사태 이후 변화 조짐이 감지.",[]
45,이창용 이임사,,O,O,,[]
46,"이창용 시대 마지막 BOK 이슈노트 ""한국인 해외주식 투자가 환율 폭등 최대 원인""",,,,,[]
47,악마의 거래가 한국의 에너지 안보를 마비시키고 있다,https://www.bloomberg.com/opinion/articles/2026-04-19/a-devil-s-bargain-cripples-korea-s-energy-security?srnd=homepage-asia,,,"내용은 뻔함. 재생에너지 필요성과 지역 수용성의 충돌. 다만, 케데헌과 엮어서 해외 기자의 시선에서 평가한 점이 조금 흥미로운 기사",[]
48,"경총 <청년 일자리 창출을 위한 개선 과제> ""대기업 대졸 초임 임금 과도하게 높은 탓""",https://www.kefplaza.com/web/pages/gc79582b.do?siteFlag=www&mnuId=&returnUrl=&bbsAuth=0&bbsFlag=View&nttId=19265&bbsId=0001&bbsIds=0024&pageIndex=1&pageUnit=7,,,,[]
49,주사기·마스크·장갑 '폭등'…사재기 단속반 떴다,,,,,[]
50,"벤츠, K배터리 30조 넘게 사들인다...""삼성SDI·LG엔솔 등 한국 파트너십 확대""",,,,,[]
51,"팀쿡, 애플 CEO에서 15년만에 물러나…후임은 존 터너스",https://www.apple.com/community-letter-from-tim/,,,,[]
52,"JTBC·KBS, 북중미 월드컵 공동중계…""MBC·SBS에도 최종 제안""",,,,,[]
53,"美, '트럼프 관세' 환급 시스템 가동…245조원 반환 절차 착수",,,,,[]
54,"민원·안전사고 우려에 축구, 운동회 금지 + 서울 현장체험학습 2년새 반토막...세상이 너무 좋아졌는지 무균실이 되어버렸나...해병대 캠프갔던 성원님 입장에서는 상상도 할 수 없는 근황",,O,O,,[]
55,많은 미국인들은 가장 좋아하는 공룡이 없다...그런데 왜 항상 티라노가 인기 1위일까,https://yougov.com/en-us/articles/54548-many-americans-dont-have-a-favorite-dinosaur,O,O,"Yougov 설문조사. 공룡 좋아한다고 응답했는데, 막상 공룡 이름은 못 댄다. 어른들은 낭만을 잊었다.",[]
56,"애플의 ""좋은 사람"" 후계자 유력 주자 (= 존 터너스)",https://www.bloomberg.com/features/2026-apple-next-ceo/,O,X,"애플 신제품 ""맥북 네오"" 발표를 당시 터너스가 진행. 팀 쿡 CEO 사임 전부터 유력 후보자로 관측, 아예 특집 기사를 작성.",[]
57,"[단독] ""장사 잘될수록 손해""…중국집 사장님 한숨 쉰 이유",https://www.hankyung.com/article/2026042037821,,,"음식점 데이터 분석 기반 보도. 4/10 이재명 대통령의 소상공인 집단교섭, 단결권 언급과도 연결. 협상력 비대칭 등 독점 사업자 이슈. 다만, 교섭/단결권 법제화는 아직 먼 얘기라 킵하는 정도로.",['political_sensitivity']
58,대법원으로 간 '담배소송' 상고심 판단은…주심 노경필,https://www.yna.co.kr/view/AKR20260421160500004,,,"건보공단이 담배회사 3곳을 상대로 손해배상 소송을 2014년 제기. 2020년 1심, 2026년 2심 모두 패소. 이제야 대법원 3심 진입했으나, 전망이 밝진 않음. ""공공보험이 담배회사에 책임을 물을 수 있는가"" 라는 문제.",[]
59,화물연대 사망사고에 '노란봉투법' 해석 놓고 노사정 파열음,https://www.yna.co.kr/view/AKR20260421140900052,,,"노란봉투법 시행 1달, 사망사고 발생으로 분기점 진입. 화물연대는 BGF리테일(CU) 원청 교섭 요구. 노동부는 이번 사고가 노란봉투법 범위 넘었다는 입장. 이번 주 사회면에서는 제일 큰 뉴스로 예상.",[]
60,“중국보다 더 큰 韓광산 터졌다”…영동서 나온 1억 톤 ‘신비의 광물’ 일라이트의 정체,https://n.news.naver.com/article/011/0004613043,,,"후킹용. 조사를 해보니 ""전략자원, 희소성, 떼돈"" 과는 거리가 멀다. 영동군청에선 열심히 밀어주는 모양.",[]
61,학교를 떠나는 (영국 장기결석) 아이들,https://www.ft.com/content/5d4bd735-3a7d-46e8-bec3-018451e58bc0?syn-25a6b1a6=1,,,"24/25년 기준, 영국 18% 지속적 결석, 미국 24% 만성 결석. ""등교는 필수가 아니라, 아침마다 선택하는 것?""",[]
62,"‘도니랜드’? 우크라이나, 돈바스 일부를 트럼프의 이름을 딴 명칭으로 부르는 방안을 제안",https://www.nytimes.com/2026/04/21/us/politics/donnyland-ukraine-donbas-trump.html,,,이름 붙이기를 좋아하는 트황 맞춤형 제안. 피식용 + 그 동안의 네이밍 전적 소개로 쓸 수 있겠음.,[]
63,"HD현대重, 국내 최초 해외 쇄빙전용선 수주... 전통 강자 핀란드 제쳤다",,,,,[]
64,사상 첫 '104경기 월드컵' D-50…JTBC KBS 공동중계 확정,,,,,[]
65,"반도체의 힘…1분기 韓경제 1.7% 급반등, 5년6개월만에 최고(종합)",https://www.yna.co.kr/view/AKR20260423019051002?section=economy/all&site=topnews02,,,고유가 피해지원금(국내 이슈) 얘기에 첨언하기 좋을듯. 폭풍 반등! 하지만 유가는 여전히 높고 어렵다. 혹은 반대로도 가능.,['investment_advice_risk']
66,"트럼프 특사, FIFA에 '월드컵에 이란 대신 이탈리아 출전' 제안",https://www.yna.co.kr/view/AKR20260423041600009?section=international/all,,,,[]
67,한국의 스타 중앙은행가 (신현송) 집으로 돌아오다,https://www.ft.com/content/382e4dfb-78f7-434c-a2b2-9de966fce5ea,O,O,"일단 제목이 맛있다. 개인의 강점/이력, 남은 과제 등을 일목요연하게 잘 설명함.",[]
68,"이란군 ""'무허가 통항' 선박 3척 나포""…호르무즈 무력봉쇄 강화",,,,,[]
69,한 미스터리 트레이더는 폴리마켓에서 큰돈을 벌기 위해 기온 데이터를 조작했을까?,https://www.wsj.com/business/unusual-weather-bets-on-polymarket-spur-french-investigation-b799bec8,,,"프랑스 파리 샤를 드골 공항의 기온 측정값이 급등, 이를 예측한 폴리마켓 비드가 쏟아지면서 부정 의혹 제기. 현지 언론(르몽드 등)에선 ""헤어 드라이기로 센서를 데웠다"" 식의 추측도 난무.",[]
70,마두로 체포전' 참여 미군 '내부자정보 잭폿' 사실이었다,https://www.yna.co.kr/view/AKR20260424042700009?section=international/all,,,마두로 베팅도 진짜였네,[]
71,"시진핑은 강력한 통화를 원하는데, 미국의 (이란) 전쟁이 도움이 됐다",https://www.economist.com/finance-and-economics/2026/04/23/xi-jinping-wants-a-powerful-currency-americas-war-has-helped,,,"위안화가 달러를 대체하거나 맞먹기는 어렵지만, 달러 패권에 대한 헤지 수단으로는 점점 의미가 커지고 있음. 과거 위안화 결제망(CIPS, mBridge) 조사했다가 버려진 자료가 있기도 함.",[]
72,"한국형' 청소년 SNS 금지법, 등장 임박…'16세 미만 금지' 유력",https://m.news.nate.com/view/20260423n38082,,,,[]
73,광통신 대장주 노키아의 주가 근황,,,,,[]
74,"트럼프 ""백악관 연회장 있었으면 총격사건 발생하지 않았을 것""",https://www.yna.co.kr/view/AKR20260426061000071,,,혹시 백악관 총격 이야기를 소개한다면 피식 용으로 덧붙이기 좋을듯,[]
75,러닝 인기 국가별 비교,https://www.statista.com/chart/36128/share-of-people-who-run/,,,가끔 조깅하시나요? 멕시코 24% ~ 일본 6%(최하위),[]
76,"""러닝 해봤다"" 여성 고작 3%, 20대女는 30%급감…초유의 결과에 日 발칵",https://www.asiae.co.kr/article/2025100920382848014,,,"직전 러닝 통계와 연결. 일본은 왜 러닝을 안 하는가. (진짜 모르겠음) 뭔가, 유튜브 사용량이나 놀 거리가 많아졌다는 등 ""굼벵이""스러운 통계와 연결하면 재밌을듯.",[]
77,미국 가위바위보 대회,https://www.nbcnews.com/business/personal-finance/rock-paper-scissors-tournament-rcna332263,X,,"우승 상금 1만 달러. 치열한 심리전 등 전략가들 총출동했으나, 알빠노? 우승자는 29세 평범한 시민이었다.",[]
78,데이트 비용 부담 커진 미국 청년들,https://www.cnbc.com/2026/04/25/why-some-young-americans-are-dating-less-in-2026.html,O,,"Z세대 평균 데이트 1회 비용 205달러(30만 원?). 미국 물가 얘기도 좋고, 방어적(청년) 데이트 방향으로 가도 좋을 듯.",[]
79,"콘돔 제조업체, 이란 전쟁에 따른 공급 차질로 가격 인상 가능성 경고",https://www.cbsnews.com/news/condom-maker-karex-iran-war-inflation/,O,,직전 얘기와 바로 연결 가능. 매우 슬픈 청년들.,[]
80,현재까지 승인된 트럼프의 ‘골드카드’ 비자는 1건뿐이라고 러트닉 상무장관이 밝혔다,https://www.cbsnews.com/news/trump-gold-card-visa-one-application-approved-lutnick/,,,최초 호들갑과 달리 지지부진한 모양. 대기자만 수백 명이라고 함.,[]
81,관계의 전환: 아이가 어른이 된 뒤에도 가까운 부모,https://www.cnbc.com/2026/04/26/psychologist-parents-who-have-close-bonds-with-their-adult-kids-never-do-6-things.html,,,"자녀와 잘 지내는 부모가 하지 않는 6가지. 당장 쓸 일은 없겠지만, ""부모차이"" 맥락에서 맺음말로 인용하기 좋아보임.",[]
82,"테네시 동굴, ‘종말 대비 벙커’로 바꿀 수 있다?",https://www.zerohedge.com/technology/you-can-buy-tennessee-cave-and-turn-it-doomsday-bunker,,,"틈새 산업으로 잘 나간다는 미국의 민간 벙커 시장. Doomsday Bunker 로 검색하면 외신 보도 다수. “공포” 하나만이 아니라, 미국식 생존주의 문화 + 넓은 토지시장 + 상업화된 맞춤 제작 산업이 결합이라는 맥락",[]
83,"불법 웹툰 사이트 '뉴토끼' 자진 폐쇄…""운영자 잡을 차례""(종합)",https://www.yna.co.kr/view/AKR20260427128151005,,,"누누티비 차단법의 일환인 ""저작권 침해 사이트 긴급 차단""이 2주 남았고, 이에 선제적으로 사이트 폐쇄한 것으로 보임. 콘텐츠/저작물 생태계로 연결하기 좋은 이니시 기사 같은데, 지금은... 타이밍이 좋지 않다.",[]
84,[팩트체크] 병원에서 보호자 같이 오라는데…1인 가구는 어떻게?,https://www.yna.co.kr/view/AKR20260423139900518,,,"수면(마취) 내시경, 혹은 중요한 수술 등은 2차 피해 방지를 위해 보호자 동행을 요청하는데 혼자 살다보면 쉽지 않다.",[]
85,구영회 실축에 배꼽 잡다 뇌종양 발견한 남성…기적 같은 생존기,https://www.yna.co.kr/view/AKR20260428055500007,,,스포츠류 도입부로 좋을듯. AP 원문도 있음.,[]
86,대부분의 10대들은 정치를 보기 위해 소셜미디어에 가지 않는다,https://www.statista.com/chart/36139/why-us-teens-use-tiktok-instagram-and-snapchat/,,,(미국) 10대들이 정치 콘텐츠를 보기 위해 소셜미디어를 찾는다는 인식은 오해. 아저씨들과 대비시킬 때 데이터가 요긴할 듯.,[]
87,"美, 한국 ‘망사용료’에 또 불만 “세계 어디에도 없다”",https://n.news.naver.com/article/023/0003973452,,O,,[]
88,IBKR 한국 주식 거래 서비스 시작,,O,O,,[]
89,경로우대 연령 65세→70세 상향에 국민 10명 중 6명 찬성[한국갤럽],https://www.yna.co.kr/view/AKR20260501030400001,O,O,노후는 본인이 스스로 돌봐야 = 이것도 60%,[]
90,"韓금융 자아성찰' 나선 김용범…""치밀하게 방치된 구조적 모순""",https://www.yna.co.kr/view/AKR20260503027600001?section=search,,,"연휴 3일 연속으로 ""금융 비판"" 시리즈를 게재한 김용범 정책실장. 신용평가 개편, 은행 보신주의 등 화두를 던짐. 당연, 재명이형도 비슷한 논제를 말한 바 있음.",[]
91,어린이날 선물 '세대차'…부모 닌텐도·조부모 포켓몬카드,https://www.yna.co.kr/view/AKR20260503046000017?section=industry/all&site=major_news02,,,,[]
92,"[기획] 가격은 오르고, 마음은 무거워진다 – 경제상황 변화에 대한 인식",https://hrcopinion.co.kr/archives/36314,O,O,요약하면 “주가·부동산이 올랐는데도 체감은 축제가 아니라 박탈감”. 수요일에 BoK 이슈노트: 주식 자산효과 가 나올 예정인데 연결 짓기 좋아보임. (자산효과 = 소비 증가의 이론적 경로 중 하나. 자산이 늘면 소비가 는다. -> 안 봐도 코스피 얘기겠지),['medical_claim_risk']
93,Should Canada be allowed to join the European Union?,https://yougov.com/articles/54662-should-canada-be-allowed-to-join-the-european-union,O,,"유럽인 42%는 캐나다의 EU 편입에 긍정적(반대 33%). 미국 52번째 주 드립 소리 들었는데, 생각보다 유럽에선 나쁘지 않은 듯? 월요일부터 유럽정치공동체(EPC) 회의라고 유럽 정상들이 모여서 우크라이나 둥게둥게 논의 중인데, 특이하게도 캐나다가 이날 유럽도 아닌데 참석해서 화제가 됨.",[]
94,"""'대표 밈주식' 게임스톱, 이베이 82조원에 인수 추진""",https://www.yna.co.kr/view/AKR20260504107700009,,,,[]
95,가우탐 아다니가 무케시 암바니를 제치고 아시아 최고 부자가 되었습니다.,https://www.ft.com/content/997c6169-d1c0-42f2-9f09-c6ab4d12ac4a?syn-25a6b1a6=1,,,,[]
96,"트럼프, 몬태나주에서 수백 마리의 들소 추방 예정",https://www.thetimes.com/us/american-politics/article/bison-trump-federal-land-montana-f95rsnmrj,,,,[]
97,2026 KB 부동산 보고서,https://www.kbfg.com/kbresearch/report/reportView.do?reportId=2000492,O,,,[]
98,이 대통령 “긴축 노래 부르는 이상한 분들”… IMF 수치로 반박,https://www.yna.co.kr/amp/view/AKR20260505057100001,O,,,['political_sensitivity']
99,"이 대통령 ""부동산 불패 신화는 없다…정상화, 피할수 없는 흐름""",,O,,,['political_sensitivity']
100,네이버 “월 4900원에 무제한 무료배송”…19만원대 주가 탈출할 수 있을까,https://n.news.naver.com/article/011/0004617050?sid=101,,,,[]
101,"李대통령 ""돈 버는 게 금융기관 존립목적이라 생각하는 게 문제""",https://www.yna.co.kr/view/AKR20260506093200001?section=search,,,"""금융기관은 준공공기관"" 발언 등 일전 김용범 정책실장 게시물에 힘을 싣는 차원.",['political_sensitivity']
102,"앤트로픽, 구글 클라우드·칩에 293조원 투자 약정…AI인프라 빅딜",,,,,[]
103,레인보우로보틱스 PER 10000,,,,,[]
104,"토스증권, 한국콜마 실적 반토막 표기 오류 논란",,,,,[]
105,원숭이들이 운영하는 범죄 조직,https://www.wsj.com/lifestyle/monkeys-thieves-bali-temple-0b63a432,,,"관광객의 아이폰, 기타 귀중품을 훔쳐가는데 망고 한 봉지 던져주면 교환 가능함. 매우 똑똑한 녀석들.",['crime_or_drug_sensitivity']
106,"샤키라, 월드컵 공식 주제가 '다이다이' 공개",https://www.reuters.com/sports/soccer/shakira-unveils-official-world-cup-song-dai-dai-2026-05-07/,,,노래 제목이 재밌어서 수집. 월드컵 코 앞인데 매우 조용하기도 하고...,[]
107,"타지키스탄 대학생 7명, 자가용 등교했다 정학 위기",https://www.yna.co.kr/view/AKR20260511099400009?section=international/all,,,사고·위화감 이유로 2017년부터 학생 자가용 등교 금지? 어디서 많이 본 일처리 방식,[]
108,"""재택근무 재도입하자""…인도 총리, 에너지난 극복 동참 촉구",https://www.yna.co.kr/view/AKR20260511066000009?section=international/all,,,"호르무즈 사태가 길어지면서 아시아 국가들의 자구책이 계속 나오는 중. 구독자들이 좋아하는 인도 + 재택근무. 참고로 인도는 한국과 에너지 깐부(글로벌 LNG 수입 3, 4위)이며, 관련 재활용 자료도 있음.",[]
109,[단독] 현대차 로봇이 나라 지킨다…軍 최전방 정찰에 투입,https://www.hankyung.com/article/2026051066111,,,"GOP 철책 근무 인력이 부족하니, 이를 현대차 로봇으로 대신하겠다는 구상.",[]
110,"미국 농민 70%, 2026년에 필요한 비료를 감당하지 못해",https://www.statista.com/chart/36189/us-farmers-unable-to-afford-all-needed-fertilizer-for-the-year,,,호르무즈 해협 봉쇄 여파. 재활용 가능(방중 프리뷰). 공화당 지지층,[]
111,얼마나 많은 미국인이 도널드 트럼프와 싸우면 자신이 이길 수 있다고 생각할까?,https://yougov.com/en-us/articles/54707-how-many-americans-think-they-could-beat-donald-trump-in-a-fight,,,"트럼프와 맞짱 뜨면 누가 이길 수 있음? Yes 55%(민주 75%, 공화 33%). 민주당 지지자는 8살 애가 싸워도 이긴다고 응답. 질문이 폭력적이라 수집.",[]
112,비현실적 대가족 만점통장 당첨자 전수조사 실시,https://www.korea.kr/briefing/pressReleaseView.do?newsId=156760773&pageIndex=5&repCodeType=&repCode=&startDate=2025-05-11&endDate=2026-05-11&srchWord=&period=,,,1년치 2.5만 건(서울+기타) 전수조사로 청약 부정을 뿌리뽑겠다는 것. 결과 발표까지는 한참 걸릴 듯. 맨 마지막 청약 당첨(신혼 특혜) 이후 이혼했다는 사례가 인상적이라 수집.,[]
113,"코스피 8000피 목전서 5% 급락…블룸버그 ""김용범 'AI 국민배당' 발언 탓""",,,,(+ 이거 때문에 주가 빠졌다는 블룸버그 기사도 있음. 'citizen dividend'로 검색),[]
114,"안철수 ""배당, 주식 사면 된다…국가가 나누는 건 공산주의""",,,,,[]
115,5월 21일 삼성전자 총파업 예정,,,,,[]
116,"""혁수대보다 노조가 더 무섭다""…협상결렬 속 삼성전자 주주 '분노'",https://news.einfomax.co.kr/news/articleView.html?idxno=4414459,,,삼전 총파업 관련 커뮤 반응 모음집.,[]
117,"韓 1분기 성장률, 주요국 중 1위",,,,,[]
118,나프타 공급 부족에 일본서 '흑백 포장' 감자칩 등장,https://www.yna.co.kr/view/AKR20260512113100073?section=international/all&site=major_news01,,,흑백 포장지 이미지가 재밌어서 수집. 경제/에너지 얘기에 피식용.,[]
119,인도 최대 규모 IPO,https://www.economist.com/business/2026/05/10/can-mukesh-ambani-pull-off-his-biggest-gamble-yet,,,,[]
120,"콜롬비아 마약왕의 하마, 살처분 대신 인도행?",https://www.yna.co.kr/view/AKR20260429015300087?section=search,O,,갈 곳 없는 하마들을 받아준다고 했던 인물이 바로 윗 기사 IPO 대상인 릴라이언스 그룹 재벌집 막내 아들임. 인도의 삼성 급인데 국내 인지도는 매우 저조함. 재용이형도 예전에 결혼식 참석한 적 있음.,['crime_or_drug_sensitivity']
121,"장년층은 “일자리 찾기 좋은 시기”라지만, 청년층은 동의하지 않는다",https://apnews.com/article/global-jobs-economy-poll-youth-older-adults-efa927fc1ddfb481294178becbbf3a1b,,,"갤럽의 141개국(2025년 조사) 설문 결과. 미국 청년층 고용시장 비관론이 급증했다(긍정 43%로 급락)며 기사를 썼는데, 원문 살펴보니 K-청년은 긍정 28%에 불과. 글로벌 평균은 48% 내외. 글로벌 비교가 가능하다는 게 가장 큰 장점인 데이터.",[]
122,美정부 ‘UFO 파일’ 공개…트럼프 “재미있게 보고 즐기길”,https://www.joongang.co.kr/article/25426954,,,미 전쟁부가 공개한 미확인 이상현상 관련 자료 161건. 자료는 풍성한데 당장 이번 주 스토리로 연결하기는 연상이 안 돼서 보류.,[]
123,"진에어, 승무원 입사 돌연 연기…저비용항공사 덮친 고용불안",https://www.yna.co.kr/view/AKR20260511150400003,,,"항공유값 폭등이 촉발한 LCC 위기. 1) 원래도 출혈경쟁, 2) 해외도 스피릿항공 사례, 3) 국내는 모기업 자금 수혈로 생명 연장, 4) 적자생존의 시기로 진입. 스토리라인은 얼추 보이는데, 최근 크랩에서 비슷한 주제를 다뤘다는 게 문제. 아깝다.",[]
124,이란 전쟁과 저가 항공의 미래,https://www.ft.com/content/a8f9aa9b-94f7-4188-8c53-e18b614c373f?syn-25a6b1a6=1,,,저가항공 위기 이슈를 글로벌로 확장 가능한 FT 기사.,[]
125,스웨덴에서 진행 중인 ‘가장 의외의 자본주의 대전환’,https://www.wsj.com/world/europe/the-worlds-most-surprising-capitalist-makeover-is-under-way-in-sweden-a7830619,,,"북유럽 복지국가로 잘 알려진 스웨덴이 의외로 작은 정부, 사회적 불평등, 기업가정신 키워드와 접점이 있음.",[]
126,밀레이 정부 역대 최악의 지지율...긴축으로 전국민이 고생하는데 정작 고물가는 여전하다?,https://www.economist.com/the-americas/2026/05/05/javier-milei-is-in-serious-trouble?itm_source=parsely-api,,,,['political_sensitivity']
127,지방선거 참패 이후 벼랑 끝에 몰린 스타머 영국 총리…내각 일부도 사임 요구,,O,,,['political_sensitivity']
128,"기획예산처, 공익신고 활성화를 위한 공익신고장려기금 신설 추진",https://www.korea.kr/briefing/pressReleaseView.do?newsId=156760988&pWise=sub&pWiseSub=C4,,,"금융범죄 관련 포상금 지급 상한 전면 폐지, 부당이득 최대 30%까지 포상금 지급. 5월 중 특별법 마련, 8월 제정 추진. 대 암행어사의 시대가 온다.",['crime_or_drug_sensitivity']
129,"11,000캐럿짜리 거대 루비",https://www.bloomberg.com/news/articles/2026-05-08/myanmar-says-giant-11-000-carat-ruby-found-in-mandalay-region,,,,[]
130,디지털에서 다시 아날로그로 돌아가는 학교 현장,,,,,[]
131,"오리온, 식품업계 ‘압도적 주가 상승률’",https://www.mediawatch.kr/news/article.html?no=259519,,,,[]
132,미국 4월 소비자물가 전년비 3.8%↑…2023년 5월 이후 최고,,,,,[]
133,"미래에셋, 순익 1조 시대 열고 롤모델 노무라도 추월…불장이 바꾼 증권사 위상",https://www.etoday.co.kr/news/view/2583716,,,아무 비전도 미래도 없던 국내 증권사들 중 미래에셋증권이 노무라 증권처럼 해외 진출을 통해 글로벌 증권사가 되는 비전이 현실이 된 것 같아 감회가 새롭다,[]
134,"’강세장엔 증권주’, 코스피 사상최고치에 날아오르는 증권주들…분기 실적 1조 가나",https://www.chosun.com/economy/money/2026/05/06/U3UWCAES7BGLVOJCULWHAWVJUI/,,,코스피 8000시대에 횡재 중인 증권주 근황,[]
135,인도에서 냉장고 열풍,https://www.bloomberg.com/news/articles/2026-05-12/ambani-s-cola-war-with-coke-pepsi-spurs-fridge-bonanza-in-india?srnd=phx-industries,O,,,[]
136,월드컵 한달 앞인데 중계권 협상 제자리(중국인도),https://biz.chosun.com/international/international_economy/2026/05/12/34FMRPHL7FBLTDEY6KTPDRODTE/,,,,[]
137,"이재명 ""서민 옥죄는 원시적 약탈적 금융 멈춰야""",https://x.com/Jaemyung_Lee/status/2053974965792444629,,,,[]
138,"이재명 ""정책실장의 말은 초과이윤이 아닌 초과세수""",https://x.com/Jaemyung_Lee/status/2054400336681677149,,,,[]
139,코스피 급등에 가계 뭉칫돈 증시로…시중 통화량 0.4% 증가에 그쳐,https://www.edaily.co.kr/News/Read?newsId=04339446645448592&mediaCodeNo=257&OutLnkChk=Y,,,,[]
140,"모건스탠리 ""코스피 1만도 가능하다""",https://n.news.naver.com/article/586/0000129013?ntype=RANKING,,,,[]
141,옛날 말레이시아 정권 교체 이야기 - 1MDB 스캔들 배후 조 로우의 사면 요청,https://www.bloomberg.com/news/articles/2026-05-12/fugitive-financier-jho-low-sought-trump-pardon-for-1mdb-fraud?srnd=phx-politics,,,"화이트칼라 범죄 손 떼는 트럼프 행정부, 사면 요구 중인 사람들  / 조 로우는 7년 전에 이미 대표님이 방송하심",['crime_or_drug_sensitivity']
142,태국의 독특한 징병 추첨제,https://www.nytimes.com/2026/05/10/world/asia/thailand-conscription-lottery.html,,,,[]
143,흑백 갈등 넘어 흑흑 갈등?…외국인 혐오 논란 휩싸인 남아공,,,,,[]
144,SK스퀘어·삼성물산 학습?…LG전자 뛰자 LG 장중 상한가,,,,,[]
145,"슈카 미네랄스, 카브웨 아연광산 1단계 시추 착수",https://finance.yahoo.com/markets/commodities/articles/shuka-minerals-begins-phase-one-081451516.html,,,"잠비아 광업 프로젝트의 확장(본래 구리 중심, 아연/납/전략광물 추가 기조). 사실 회사 이름보고 수집함.",[]
